nome,ufficio,anno
CRISCONIO Giovanbattista,Commissariato del Governo per la Provincia di Bolzano,2013
DI GIORGIO Donatella,Commissariato del Governo per la Provincia di Trento,2013
GUARINO Antonio,Dipartimento Politiche del Personale dell'Amministrazione Civile e per le Risorse Strumentali e Finanziarie,2013
CECI Roberto,"Dipartimento dei Vigili del Fuoco, del Soccorso Pubblico e della difesa Civile",2013
SPARACINO Laura,"Dipartimento dei Vigili del Fuoco, del Soccorso Pubblico e della difesa Civile",2013
ANDREOZZI Loretana,Dipartimento della Pubblica Sicurezza,2013
MONTANARO Giuseppe,Dipartimento della Pubblica Sicurezza,2013
PELLEGRINO Anna,Dipartimento della Pubblica Sicurezza,2013
PERROTTA Marcella,Dipartimento della Pubblica Sicurezza,2013
DOLCI Giorgio,Dipartimento per gli Affari Interni e Territoriali-Direzione Centrale dei Servizi Demografici,2013
AMATO Amelia,Direzione Centrale per le Risorse Umane,2013
TURRI Roberto,Milano Direzione Interregionale P.S. Lombardia Emilia Romagna,2013
SCOGNAMIGLIO Angela,Questura Napoli,2013
SORIA Emma,Questura Napoli,2013
MARIOTTI Gavina,Questura Novara,2013
PETRELLI Vinicio,UTG Ascoli Piceno,2013
MASTROCOLA Paolo,UTG Asti,2013
GAITA Rosa Angela,UTG Barletta Adria - Trani,2013
CALENDA Antonio,UTG Catanzaro,2013
CICCHIELLO Antonio,UTG Fermo,2013
ABATE Mirella,UTG Foggia,2013
BLASI Rita,UTG Frosinone,2013
FILIPPI Loredana,UTG Frosinone,2013
MEDORO Rita Anna,UTG Isernia,2013
PANEBIANCO Aldo,UTG Lecco,2013
OGNIBENE Francesco,UTG Lodi,2013
DEL PUNTA Stefano Angelo,UTG Massa Carrara,2013
LA VECCHIA Giulia,UTG Parma,2013
CHIRULLI Ivana,UTG Pavia,2013
BONADIA Graziella,UTG Pordenone,2013
CAGNETTA Giuseppe,UTG Pordenone,2013
BUONO Angela Rita,UTG Ravenna,2013
D'AMBROSIO Giuseppe,UTG Ravenna,2013
ROSSINI Antonio,UTG Rovigo,2013
CADDEO Maria Cristina,UTG Sassari,2013
MULAS Antonello,UTG Sassari,2013
TEDDE Costantino,UTG Sassari,2013
CONFORTOLA Chiara,UTG Sondrio,2013
STALLONE Francesca,UTG Torino,2013
LA ROCCA Vito Maurizio,UTG Trapani,2013
TAVERRITI Tommaso,UTG Udine,2013
CASTELLUCCIO Lucia,UTG Vercelli,2013
MANODORO Mariarosaria,UTG Vicenza,2013
AMENDOLA Cinzia,UTG palermo,2013
PERISSINOTTO Mauro,Commissariato del Governo di Trento,2015
MASCIARELLI Luca,"Dipartimento dei Vigili del Fuoco, del Soccorso Pubblico e della Difesa Civile Area I Bilancio e Patrimonio",2015
GRANATA Carmela,"Dipartimento dei Vigili del Fuoco, del Soccorso Pubblico e della Difesa Civile Ufficio II Personale ruolo dirigenti, direttivi e ruolo ispettori antincendio",2015
FERRARI Giovanni,"Dipartimento dei Vigili del Fuoco, del Soccorso Pubblico e della Difesa Civile Ufficio III – Difesa Civile",2015
CHIARELLA Loredana,Dipartimento della Pubblica Sicurezza Direzione centrale Immigrazione e Polizia delle Frontiere,2015
LARATTA Caterina,Dipartimento della Pubblica Sicurezza Segreteria Dip. P.S.- Segreteria. Tecnica e Amministrativa Gestione Fondi Europei e P.Ο.Ν.,2015
PELLEGRINO Anna,Dipartimento della Pubblica Sicurezza Servizi Tecnici Logistici e Gestione Patrimoniale,2015
DELLE ROSE MELCHIORRE Filomena,"Dipartimento delle Libertà Civili Direzione Centrale delle Libertà Civili, per l'Immigrazione e Asilo Ufficio III, Unità' Dublino",2015
MASELLA Paola,Dipartimento delle Libertà Civili Ufficio I- Gabinetto del Capo Dipartimento,2015
BIAGIOLI Paola,Dipartimento delle Libertà Civili Ufficio VI di staff- Sistema Informatico del Dipartimento,2015
GUARINO Antonio,Dipartimento delle Politiche del Personale dell'Amministrazione Civile e per le Risorse Strumentali e Finanziarie,2015
AMATO Amelia,Dipartimento delle Politiche del Personale dell'Amministrazione Civile e per le Risorse Strumentali e Finanziarie Direzione Centrale Risorse Finanziarie e Strumentali,2015
GIMIGLIANO Gianluca,Dipartimento delle Politiche del Personale dell'Amministrazione Civile e per le Risorse Strumentali e Finanziarie Direzione Centrale Risorse Finanziarie e Strumentali,2015
PLANTEMOLI Stefano,Dipartimento delle Politiche del Personale dell'Amministrazione Civile e per le Risorse Strumentali e Finanziarie Direzione Centrale Risorse Finanziarie e Strumentali,2015
PRIMON Claudio,Dipartimento delle Politiche del Personale dell'Amministrazione Civile e per le Risorse Strumentali e Finanziarie Direzione Centrale Risorse Finanziarie e Strumentali,2015
TAVANI Paolo,Dipartimento delle Politiche del Personale dell'Amministrazione Civile e per le Risorse Strumentali e Finanziarie Direzione Centrale Risorse Finanziarie e Strumentali,2015
PRATILLO Tommaso,Questura di Caserta,2015
PUNTORIERI Patrizia Domenica,Questura di Cuneo,2015
GIUSTI Danilo,Questura di Genova,2015
DERRICO Alfonso,Questura di Grosseto,2015
MARTINO Francesca,Questura di Milano,2015
MELISSE Massimo,Questura di Roma,2015
IMBRO' Giuseppe,UTG di Agrigento,2015
PULLARA Graziella,UTG di Agrigento,2015
PICCININI Maurizio,UTG di Ascoli Piceno,2015
GAITA Rosa Angela,UTG di Barletta Adria Trani,2015
SPINA Mariacristina,UTG di Campobasso,2015
RENDA Nerina,UTG di Catanzaro,2015
FAMULARI Cinzia,UTG di Cremona,2015
CALENDA Antonio,UTG di Crotone,2015
PICARELLA Vanda Carla,UTG di Fermo,2015
FREDDUCCI Giuseppe,UTG di Firenze,2015
MAFFEI Trinio Ludovico,UTG di Foggia,2015
FILIPPI Loredana,UTG di Frosinone,2015
DALLEDONNE Maurizio,UTG di Imperia,2015
ROSSETTI Annarosa,UTG di Imperia,2015
RAPUANO Mario,UTG di Lodi,2015
LUPO Raffaella,UTG di Macerata,2015
BORSATTI Caterina,UTG di Mantova,2015
IRRERA Giancarlo,UTG di Messina,2015
CAPRIO Silvia,UTG di Milano,2015
ESCOLI Cinzia,UTG di Monza Brianza,2015
LACATENA Teresa,UTG di Napoli,2015
CHIRICO Donato,UTG di Piacenza,2015
DEL CORSO Sabina,UTG di Pisa,2015
BUONO Angela Rosa,UTG di Ravenna,2015
CHIARI Carlo,UTG di Reggio Emilia,2015
SOMASCA Elena,UTG di Roma,2015
ROSSI Alessandra,UTG di Rovigo,2015
CORTONICCHI Antonella,UTG di Siena,2015
VALERI Daniela,UTG di Teramo,2015
GIUNTI Donatella,UTG di Torino,2015
LA ROCCA Vito Maurizio,UTG di Trapani,2015
AGOSTINI Rosa,UTG di Varese,2015
FORTE Stefania,UTG di Venezia,2015
RAIMONDO Sergio,UTG di Vibo Valentia,2015
AMBROSINI Nicoletta,UTG di Viterbo,2015
BORGHESI Alessandra,UTGdi Forlì Cesena,2015
FERRARI Giovanni,"Dipartimento dei Vigili del Fuoco, del Soccorso Pubblico e della Difesa Civile Direzione Centrale per la Difesa Civile e le Politiche di Protezione Civile",2016
MASCIARELLI Luca,"Dipartimento dei Vigili del Fuoco, del Soccorso Pubblico e della Difesa Civile Direzione Centrale per le Risorse Finanziarie",2016
GORI Ruggero,"Dipartimento dei Vigili del Fuoco, del Soccorso Pubblico e della Difesa Civile Direzione Centrale per le Risorse Logistiche e Strumentali",2016
DI SALVATORE Nunzia,"Dipartimento dei Vigili del Fuoco, del Soccorso Pubblico e della Difesa Civile Direzione Centrale per le Risorse Umane",2016
IOLLO Sergio,Dipartimento della Pubblica Sicurezza Direzione Centrale dell'Immigrazione e della Polizia delle Frontiere,2016
DOMENICI Domenica,"Dipartimento della Pubblica Sicurezza Direzione Centrale per la polizia Stradale, Ferroviaria, delle Comunicazioni e per i Reparti Speciali della Polizia di Stato",2016
AGELLO Maurizio,Dipartimento della Pubblica Sicurezza Segreteria del Dipartimento della Pubblica Sicurezza,2016
SCACCIA Patrizia,Dipartimento della Pubblica Sicurezza Segreteria del Dipartimento della Pubblica Sicurezza,2016
PELLEGRINO Anna,Dipartimento della Pubblica Sicurezza Servizi Tecnici Logistici e Gestione Patrimoniale,2016
GUGLIELMINO Giorgio,"Dipartimento delle Libertà Civili Direzione Centrale delle Libertà Civili, per l'Immigrazione e l'Asilo",2016
PRESTA Laura Maria,Dipartimento delle Libertà Civili Direzione Centrale per l'Amministrazione dei Fondi Edifici di Culto,2016
MASELLA Paola,Dipartimento delle Libertà Civili Ufficio I- Gabinetto del Capo Dipartimento,2016
AMATO Amelia,Dipartimento delle Politiche del Personale dell'Amministrazione Civile e per le Risorse Strumentali e Finanziarie Direzione Centrale per le Risorse Finanziarie e Strumentali,2016
GIMIGLIANO Gianluca,Dipartimento delle Politiche del Personale dell'Amministrazione Civile e per le Risorse Strumentali e Finanziarie Direzione Centrale per le Risorse Finanziarie e Strumentali,2016
PLANTEMOLI Stefano,Dipartimento delle Politiche del Personale dell'Amministrazione Civile e per le Risorse Strumentali e Finanziarie Direzione Centrale per le Risorse Finanziarie e Strumentali,2016
PRIMON Claudio,Dipartimento delle Politiche del Personale dell'Amministrazione Civile e per le Risorse Strumentali e Finanziarie Direzione Centrale per le Risorse Finanziarie e Strumentali,2016
TAVANI Paolo,Dipartimento delle Politiche del Personale dell'Amministrazione Civile e per le Risorse Strumentali e Finanziarie Direzione Centrale per le Risorse Finanziarie e Strumentali,2016
GUARINO Antonio,Dipartimento delle Politiche del Personale dell'Amministrazione Civile e per le Risorse Strumentali e Finanziarie Direzione Centrale per le Risorse Finanziarie e strumentali,2016
LA ROSA Letterio,Questura di Bologna,2016
PRATILLO Tommaso,Questura di Caserta,2016
AMENDOLIA Cristina,Questura di Catanzaro,2016
STRANO Francesco,Questura di Firenze,2016
CAVANNA Lucia,Questura di Genova,2016
MARTINO Francesca,Questura di Milano,2016
AZZALI Viviana,Questura di Roma,2016
IMBRO' Giuseppe,UTG di Agrigento,2016
PULLARA Graziella,UTG di Agrigento,2016
TESTA Maria Grazia,UTG di Alessandria,2016
SOPRANZETTI Gabriella,UTG di Ascoli Piceno,2016
GAITA Rosa Angela,UTG di Barletta Adria Trani,2016
CONSOLE Maria Paola,UTG di Brescia,2016
CALENDA Antonio,UTG di Crotone,2016
ADINOLFI Francesco,UTG di Cuneo,2016
GIARMANA' Antonianna,UTG di Cuneo,2016
PICARELLA Vanda Carla,UTG di Fermo,2016
DUCCI Manuela,UTG di Firenze,2016
DI SALVATORE Umberto,UTG di Forlì Cesena,2016
RAPUANO Mario,UTG di Lodi,2016
FEDI Patrizia,UTG di Lucca,2016
PAPALEO Lucia,UTG di Mantova,2016
NICOSIA Silvana,UTG di Messina,2016
LOPREIATO Fortunata,UTG di Milano,2016
CRISAFULLI Maria,UTG di Modena,2016
ESCOLI Cinzia,UTG di Monza Brianza,2016
GUMBAZ Daniela,UTG di Padova,2016
ANEMONE Laura,UTG di Pavia,2016
PASQUALETTI Rossella,UTG di Pisa,2016
MANCINO Teresa,UTG di Potenza,2016
MANIOTTI Lucrezia,UTG di Prato,2016
STORACI Alessandro,UTG di Ragusa,2016
ANGELONI Angelo,UTG di Rieti,2016
VARI Silvia,UTG di Rieti,2016
GIURFO Serafina,UTG di Roma,2016
ROSSI Alessandra,UTG di Rovigo,2016
CASTIGLIA Armando,UTG di Siracusa,2016
STALLONE Francesca,UTG di Torino,2016
LA ROCCA Vito Maurizio,UTG di Trapani,2016
PRODAM Lucio,UTG di Trieste,2016
GIGLIO Luciano,UTG di Venezia,2016
FRAGOMENI Carla,UTG di Vibo Valentia,2016
MANODORO Mariarosaria,UTG di Vicenza,2016
GALLETTA Antonio,UTG di Viterbo,2016
COLLURA Maria Giuseppina,"Dipartimento dei Vigili del Fuoco, del Soccorso Pubblico e della Difesa Civile",2017
GORI Ruggero,"Dipartimento dei Vigili del Fuoco, del Soccorso Pubblico e della Difesa Civile",2017
ANDREOZZI Loretana,Dipartimento della Pubblica Sicurezza,2017
CHIAPPARELLI Mario,Dipartimento della Pubblica Sicurezza,2017
DOMENICI Domenica,Dipartimento della Pubblica Sicurezza,2017
FIORUCCI Fabrizio,Dipartimento della Pubblica Sicurezza,2017
MASCIARELLI Luca,Dipartimento della Pubblica Sicurezza,2017
SPLENDORE Pierluigi,Dipartimento della Pubblica Sicurezza,2017
TOZZI Maurizio,Dipartimento della Pubblica Sicurezza,2017
PELLEGRINO Anna,Dipartimento delle Libertà Civili Ufficio Gabinetto,2017
MANGIOLA Maria Rosaria,Dipartimento delle Libertà Civili Ufficio I- Gabinetto del Capo Dipartimento,2017
MONTANARO Giuseppe,Dipartimento delle Libertà Civili Ufficio VII – Affari Economici Finanziari,2017
DE CONCILIIS Fabio,Dipartimento delle Politiche del Personale dell'Amministrazione Civile e per le Risorse Strumentali e Finanziarie,2017
GUARINO Antonio,Dipartimento delle Politiche del Personale dell'Amministrazione Civile e per le Risorse Strumentali e Finanziarie,2017
MASELLA Paola,Dipartimento delle Politiche del Personale dell'Amministrazione Civile e per le Risorse Strumentali e Finanziarie,2017
PRIMON Claudio,Dipartimento delle Politiche del Personale dell'Amministrazione Civile e per le Risorse Strumentali e Finanziarie,2017
RASCHELLA' Vincenzo Antonio,Direzione Centrale per le Risorse Finanziarie,2017
ARATA FARRIS Franca,Direzione Centrale per le Risorse Finanziarie e Strumentali,2017
PUGLIESE Francesco,Direzione Centrale per le Risorse Finanziarie e Strumentali,2017
TAVANI Paolo Gaetano,Direzione Centrale per le Risorse Finanziarie e Strumentali,2017
AMATO Amelia,Direzione Centrale per le Risorse Finanziarie e strumentali,2017
MADEO Marco,Questura di Bologna,2017
VERRI Davide,Questura di Cosenza,2017
MARTINO Francesca,Questura di Genova,2017
SCAGLIONE Antonino,Questura di Milano,2017
ROMANO LUIGI,Questura di Palermo,2017
DI FRANCESCO Paolo,Questura di Roma,2017
SOPRANZETTI Gabriella,UTG di Agrigento,2017
DE RUBEIS Paola,UTG di Ascoli Piceno,2017
TRAMONTANO Irene,UTG di Bologna,2017
CALANDRIELLO Aldo,UTG di Caserta,2017
FALCHI Isabella,UTG di Catanzaro,2017
DOMINICI Miredo,UTG di Cremona,2017
MAFFEI Trinio Ludovico,UTG di Firenze,2017
MORETTI Ivano,UTG di Foggia,2017
TEMPORALE Maria Pia,UTG di Grosseto,2017
CIOFFI Enrico,UTG di Latina,2017
CAMPOLUNGO Cecilia,UTG di Livorno,2017
D'ALESSANDRO Anna,UTG di Macerata,2017
ALBINI Dante,UTG di Milano,2017
DE GREGORIO Emanuela,UTG di Napoli,2017
SAVARIS Paolo,UTG di Padova,2017
STORACI Alessandro,UTG di Padova,2017
VARI Silvia,UTG di Ragusa,2017
ANGELONI Angelo,UTG di Rieti,2017
SOMASCA Elena,UTG di Rieti,2017
CASTIGLIA Armando,UTG di Roma,2017
LA ROCCA Vito Maurizio,UTG di Siracusa,2017
SOLIGO Anna Rita,UTG di Trapani,2017
CONTE Rita Francesca,UTG di Treviso,2017
LA ROSA Letterio,UTG di Venezia,2017
D'ANGELO Antonio Gaetano,Dipartimento Affari Interni e Territoriali,2018
LANZERI Teresa,Dipartimento Affari Interni e Territoriali,2018
MOSCUCCI Gianfranco,Dipartimento Affari Interni e Territoriali,2018
CASTORO Rocco,"Dipartimento dei Vigili del Fuoco, del Soccorso Pubblico e della Difesa Civile",2018
FERRARI Giovanni,"Dipartimento dei Vigili del Fuoco, del Soccorso Pubblico e della Difesa Civile",2018
GORI Ruggero,"Dipartimento dei Vigili del Fuoco, del Soccorso Pubblico e della Difesa Civile",2018
MASCIARELLI Luca,"Dipartimento dei Vigili del Fuoco, del Soccorso Pubblico e della Difesa Civile",2018
BARCHIESI Maria Laura,Dipartimento della Pubblica Sicurezza,2018
BUCCHIERI Annalisa,Dipartimento della Pubblica Sicurezza,2018
CASELLA Daniela,Dipartimento della Pubblica Sicurezza,2018
CHIARELLA Loredana,Dipartimento della Pubblica Sicurezza,2018
DOMENICI Domenica,Dipartimento della Pubblica Sicurezza,2018
FORNARO Maria Pia,Dipartimento della Pubblica Sicurezza,2018
MANNUCCI Paola,Dipartimento della Pubblica Sicurezza,2018
PELLEGRINO Anna,Dipartimento della Pubblica Sicurezza,2018
PETRARCA Paolo,Dipartimento della Pubblica Sicurezza,2018
DI GIULIANO Veneranda,Dipartimento delle Libertà Civili,2018
LEONARDI Marina,Dipartimento delle Libertà Civili,2018
NASSO Stefania,Dipartimento delle Libertà Civili,2018
AMATO Amelia,Dipartimento per le Politiche del Personale dell'Amministrazione Civile e per le Risorse Strumentali e Finanziarie Direzione Centrale per le Risorse Finanziarie e Strumentali,2018
CREMONA Luana,Dipartimento per le Politiche del Personale dell'Amministrazione Civile e per le Risorse Strumentali e Finanziarie Direzione Centrale per le Risorse Finanziarie e Strumentali,2018
DE LAURENTIS Nadia,Dipartimento per le Politiche del Personale dell'Amministrazione Civile e per le Risorse Strumentali e Finanziarie Direzione Centrale per le Risorse Finanziarie e Strumentali,2018
DI SALVO Augusto,Dipartimento per le Politiche del Personale dell'Amministrazione Civile e per le Risorse Strumentali e Finanziarie Direzione Centrale per le Risorse Finanziarie e Strumentali,2018
PRIMON Claudio,Dipartimento per le Politiche del Personale dell'Amministrazione Civile e per le Risorse Strumentali e Finanziarie Direzione Centrale per le Risorse Finanziarie e Strumentali,2018
TAVANI Paolo Gaetano,Dipartimento per le Politiche del Personale dell'Amministrazione Civile e per le Risorse Strumentali e Finanziarie Direzione Centrale per le Risorse Finanziarie e Strumentali,2018
GUARINO Antonio,Dipartimento per le Politiche del Personale dell'Amministrazione Civile e per le Risorse Strumentali e Finanziarie Direzione Centrale per le Risorse Finanziarie e strumentali,2018
STRANO Francesco,Questura di Firenze,2018
DELLE FAVE Roberto,Questura di Genova,2018
SCAGLIONE Antonino,Questura di Palermo,2018
MELISSE Massimo,Questura di Roma,2018
ROMANO Luigi,Questura di Roma,2018
PERSIA Patrizia Rosalba,Questura di Venezia,2018
SCARAMOZZINO Iris,UTG di Alessandria,2018
SPALATO CERUSO Anna Maria,UTG di Avellino,2018
FORTINI Roberto,UTG di Bari,2018
BASSI Maria Chiara,UTG di Bologna,2018
PEZZELLA Carla,UTG di Brescia,2018
MARTINO Enrico,UTG di Campobasso,2018
GIANNOTTA Maria Sabrina,UTG di Firenze,2018
ALBAVERA Ilaria,UTG di Genova,2018
DI SACCO Gino,UTG di La Spezia,2018
MOSCATELLI Gianna,UTG di La Spezia,2018
TEMPORALE Maria Pia,UTG di Latina,2018
SARTIANO Iolanda Elisa,UTG di Milano,2018
AZZARELLO Antonella,UTG di Monza Brianza,2018
DE SILVA Vittorio Maria,UTG di Napoli,2018
ESCOLI Cinzia,UTG di Pavia,2018
GIANTURCO Maria Luisa,UTG di Potenza,2018
VITAGLIANO Carolina,UTG di Potenza,2018
CRUPI Pasquale,UTG di Reggio Calabria,2018
DEL GIGLIO Salvatore,UTG di Reggio Calabria,2018
SOMASCA Elena,UTG di Roma,2018
GENTILE Angela,UTG di Taranto,2018
GIUNTI Donatella,UTG di Torino,2018
GIULIO Rosanna,UTG di Trieste,2018
D'ORAZIO Laura,Dipartimento Affari Interni e Territoriali,2019
LANZERI Teresa,Dipartimento Affari Interni e Territoriali,2019
MOSCUCCI Gianfranco,Dipartimento Affari Interni e Territoriali,2019
GORI Ruggero,"Dipartimento dei Vigili del Fuoco, del Soccorso Pubblico e della Difesa Civile",2019
MASCIARELLI Luca,"Dipartimento dei Vigili del Fuoco, del Soccorso Pubblico e della Difesa Civile",2019
MAZZA Vera,"Dipartimento dei Vigili del Fuoco, del Soccorso Pubblico e della Difesa Civile",2019
SILVESTRI Marina,"Dipartimento dei Vigili del Fuoco, del Soccorso Pubblico e della Difesa Civile",2019
ANDREOZZI Loretana,Dipartimento della Pubblica Sicurezza,2019
COLACICCHI Fabio,Dipartimento della Pubblica Sicurezza,2019
CONTI Francesco,Dipartimento della Pubblica Sicurezza,2019
CRIELEISON Antonino,Dipartimento della Pubblica Sicurezza,2019
DE SIMONI Stefania,Dipartimento della Pubblica Sicurezza,2019
MONTANARO Giuseppe,Dipartimento della Pubblica Sicurezza,2019
RENZI Serena,Dipartimento della Pubblica Sicurezza,2019
RUSSO Patrizia,Dipartimento della Pubblica Sicurezza,2019
TABBI' Emanuele,Dipartimento della Pubblica Sicurezza,2019
ARATA FARRIS Franca,Dipartimento delle Libertà Civili,2019
DI GIULIANO Veneranda,Dipartimento delle Libertà Civili,2019
MAIOLINO Veronica,Dipartimento delle Libertà Civili,2019
PRESTA Laura Maria,Dipartimento delle Libertà Civili,2019
AMATO Amelia,Dipartimento per le Politiche del Personale dell'Amministrazione Civile e per le Risorse Strumentali e Finanziarie Direzione Centrale per le Risorse Finanziarie e Strumentali,2019
DE AMICIS Lucia,Dipartimento per le Politiche del Personale dell'Amministrazione Civile e per le Risorse Strumentali e Finanziarie Direzione Centrale per le Risorse Finanziarie e Strumentali,2019
MORO Annamaria,Dipartimento per le Politiche del Personale dell'Amministrazione Civile e per le Risorse Strumentali e Finanziarie Direzione Centrale per le Risorse Finanziarie e Strumentali,2019
PRIMON Claudio,Dipartimento per le Politiche del Personale dell'Amministrazione Civile e per le Risorse Strumentali e Finanziarie Direzione Centrale per le Risorse Finanziarie e Strumentali,2019
TAVANI Paolo Gaetano,Dipartimento per le Politiche del Personale dell'Amministrazione Civile e per le Risorse Strumentali e Finanziarie Direzione Centrale per le Risorse Finanziarie e Strumentali,2019
GUARINO Antonio,Dipartimento per le Politiche del Personale dell'Amministrazione Civile e per le Risorse Strumentali e Finanziarie Direzione Centrale per le Risorse Finanziarie e strumentali,2019
FISCHETTI Francesco Paolo,Dipartimento per le Politiche del Personale dell'Amministrazione Civile e per le Risorse Strumentali e Finanziarie Direzione Centrale per le Risorse Umane,2019
PETTI Giulia,Dipartimento per le Politiche del Personale dell'Amministrazione Civile e per le Risorse Strumentali e Finanziarie Direzione Centrale per le Risorse Umane,2019
LA ROSA Letterio,Questura di Bologna,2019
TORRISI Giuseppe,Questura di Catania,2019
ESPOSITO Maurizio,Questura di Milano,2019
AZZALI Viviana,Questura di Roma,2019
MELISSE Massimo,Questura di Roma,2019
MANZI Vincenza,Questura di Salerno,2019
PAPALE Antonio,UTG Caserta,2019
GIARDINI Rosa,UTG di Ascoli Piceno,2019
FILIPPO Michele,UTG di Bari,2019
MAIELLO Giulia,UTG di Brindisi,2019
NAVONI MONTIS Giuseppe,UTG di Cagliari,2019
ATTILI Gianfranco,UTG di Chieti,2019
ACCHIARDI Roberto Costanzo,UTG di Cuneo,2019
PIETRA Claudia Daniela,UTG di Cuneo,2019
MARTINI Gianluca,UTG di Fermo,2019
GIORGI Roberto,UTG di Firenze,2019
FOTI Maria Carmela,UTG di Genova,2019
NAPOLITANO Lucia,UTG di Grosseto,2019
SODANO Renato,UTG di Modena,2019
RIZZO Immacolata Antonella,UTG di Padova,2019
STORACI Alessandro,UTG di Ragusa,2019
CRUPI Pasquale,UTG di Reggio Calabria,2019
DEL GIGLIO Salvatore,UTG di Reggio Calabria,2019
BUZZI Pierluigi,UTG di Rieti,2019
PASQUINI Tiziana,UTG di Rieti,2019
CARLINO Daniela,UTG di Trapani,2019
RIBECCO Angela,UTG di Trento,2019
BOCCACCI Alessandro,UTG di Venezia,2019
BOTTI Roberto,Dipartimento Affari Interni e Territoriali,2020
MONTALI Flavia,Dipartimento Affari Interni e Territoriali,2020
MOSCUCCI Gianfranco,Dipartimento Affari Interni e Territoriali,2020
BIDOLLI Pietro,"Dipartimento dei Vigili del Fuoco, del Soccorso Pubblico e della Difesa Civile",2020
D'ANGELO Brunella,"Dipartimento dei Vigili del Fuoco, del Soccorso Pubblico e della Difesa Civile",2020
DI BERARDINO Lorenzo,"Dipartimento dei Vigili del Fuoco, del Soccorso Pubblico e della Difesa Civile",2020
DI PAOLA Tiziana,"Dipartimento dei Vigili del Fuoco, del Soccorso Pubblico e della Difesa Civile",2020
FORNACIARI Fabiana,"Dipartimento dei Vigili del Fuoco, del Soccorso Pubblico e della Difesa Civile",2020
MANCINI Giulio,"Dipartimento dei Vigili del Fuoco, del Soccorso Pubblico e della Difesa Civile",2020
MASCIARELLI Luca,"Dipartimento dei Vigili del Fuoco, del Soccorso Pubblico e della Difesa Civile",2020
MORRA Rosanna,"Dipartimento dei Vigili del Fuoco, del Soccorso Pubblico e della Difesa Civile",2020
ANDREOZZI Loretana,Dipartimento della Pubblica Sicurezza,2020
CARDUCCI Cristina,Dipartimento della Pubblica Sicurezza,2020
DI FELICE Marina,Dipartimento della Pubblica Sicurezza,2020
GUIDA Raffaele,Dipartimento della Pubblica Sicurezza,2020
LARATTA Caterina,Dipartimento della Pubblica Sicurezza,2020
MONTANARO Giuseppe,Dipartimento della Pubblica Sicurezza,2020
PICOTTI Stefania,Dipartimento della Pubblica Sicurezza,2020
RICCIARDI Francesco,Dipartimento della Pubblica Sicurezza,2020
SPIRIDIONE Antonietta Nadia,Dipartimento della Pubblica Sicurezza,2020
DELLE ROSE MELCHIORRE Filomena,Dipartimento delle Libertà Civili,2020
DI GIULIANO Veneranda,Dipartimento delle Libertà Civili,2020
PUSOLE Stefano,Dipartimento delle Libertà Civili,2020
TRAMONTOZZI Sara,Dipartimento delle Libertà Civili,2020
AMATO Amelia,Dipartimento per le Politiche del Personale dell'Amministrazione Civile e per le Risorse Strumentali e Finanziarie,2020
ESPOSITO Marina,Dipartimento per le Politiche del Personale dell'Amministrazione Civile e per le Risorse Strumentali e Finanziarie,2020
FILIPPONI Luca,Dipartimento per le Politiche del Personale dell'Amministrazione Civile e per le Risorse Strumentali e Finanziarie,2020
FORTINO Maria,Dipartimento per le Politiche del Personale dell'Amministrazione Civile e per le Risorse Strumentali e Finanziarie,2020
FRACCHIOLLA Angela,Dipartimento per le Politiche del Personale dell'Amministrazione Civile e per le Risorse Strumentali e Finanziarie,2020
GUARINO Antonio,Dipartimento per le Politiche del Personale dell'Amministrazione Civile e per le Risorse Strumentali e Finanziarie,2020
PES Massimo,Questura di Cagliari,2020
AMENDOLIA Cristina,Questura di Catanzaro,2020
SCAGLIONE Antonino,Questura di Palermo,2020
MELISSE Massimo,Questura di Roma,2020
ROMANO Luigi,Questura di Roma,2020
PERSIA Patrizia Rosalba,Questura di Venezia,2020
GUGLIELMI Giovanni,UTG di Barletta Adria Trani,2020
CIAMBRIELLO Giovanna,UTG di Benevento,2020
FABBRI Anne Marie,UTG di Forlì Cesena,2020
COCCARO Pasquale,UTG di Genova,2020
COZZANI Patrizia,UTG di La Spezia,2020
NENNA Matteo Nicola,UTG di Lecce,2020
DE LILLO Antonietta,UTG di Lodi,2020
PARATORE Giuseppa,UTG di Messina,2020
GIORDANO Vittorio,UTG di Milano,2020
DE MARTINO Raffaella,UTG di Potenza,2020
DI TONDO Elena,UTG di Ravenna,2020
CHIARI Carlo,UTG di Reggio Emilia,2020
DI LIDDO Francesca,UTG di Reggio Emilia,2020
SOMASCA Elena,UTG di Roma,2020
TURCHI Stefania,UTG di Roma,2020
COGNETTA Ornella,UTG di Siena,2020
PANSONI Serenella,UTG di Sondrio,2020
IMPORTUNO Annachiara,UTG di Taranto,2020
DI LORENZO Matteo,UTG di Teramo,2020
BELLOMO Antonio,UTG di Torino,2020
STALLONE Francesca,UTG di Torino,2020
PRIAMO Maria,UTG di Treviso,2020
CAPUTO Giovanna,UTG di Trieste,2020
CULINI Giancarlo,Dipartimento Affari Interni e Territoriali,2021
PULEIO Domenico,Dipartimento Affari Interni e Territoriali,2021
CASSESE Anna Maria,"Dipartimento dei Vigili del Fuoco, del Soccorso Pubblico e della Difesa Civile",2021
CIMINI David,"Dipartimento dei Vigili del Fuoco, del Soccorso Pubblico e della Difesa Civile",2021
DI BERARDINO Lorenzo,"Dipartimento dei Vigili del Fuoco, del Soccorso Pubblico e della Difesa Civile",2021
DI PAOLA Tiziana,"Dipartimento dei Vigili del Fuoco, del Soccorso Pubblico e della Difesa Civile",2021
FORNACIARI Fabiana,"Dipartimento dei Vigili del Fuoco, del Soccorso Pubblico e della Difesa Civile",2021
MANZO Maria Rosalba,"Dipartimento dei Vigili del Fuoco, del Soccorso Pubblico e della Difesa Civile",2021
MARTINELLI Domenico,"Dipartimento dei Vigili del Fuoco, del Soccorso Pubblico e della Difesa Civile",2021
PACCHI Loredana,"Dipartimento dei Vigili del Fuoco, del Soccorso Pubblico e della Difesa Civile",2021
PASQUALI Alessandra,"Dipartimento dei Vigili del Fuoco, del Soccorso Pubblico e della Difesa Civile",2021
SALVATO Rosalba,"Dipartimento dei Vigili del Fuoco, del Soccorso Pubblico e della Difesa Civile",2021
SPARACINO Maria Laura,"Dipartimento dei Vigili del Fuoco, del Soccorso Pubblico e della Difesa Civile",2021
BICCHI Cinzia,Dipartimento della Pubblica Sicurezza,2021
CHIERICHETTI Laura,Dipartimento della Pubblica Sicurezza,2021
CROCIANI Catia,Dipartimento della Pubblica Sicurezza,2021
DE MICHELE Laura,Dipartimento della Pubblica Sicurezza,2021
DONATI Alessandra,Dipartimento della Pubblica Sicurezza,2021
MONTANARO Giuseppe,Dipartimento della Pubblica Sicurezza,2021
RUSCITTI Angela Maria,Dipartimento della Pubblica Sicurezza,2021
SPLENDORE Pierluigi,Dipartimento della Pubblica Sicurezza,2021
TOZZI Maurizio,Dipartimento della Pubblica Sicurezza,2021
UGLIANO Maria Luisa,Dipartimento della Pubblica Sicurezza,2021
CANZOLINO Donatella,Dipartimento delle Libertà Civili,2021
IUOZZO Carmine,Dipartimento delle Libertà Civili,2021
GUARINO Antonio,"Dipartimento per l'Amministrazione Generale, per le Politiche del Personale dell'Amministrazione Civile e per le Risorse Strumentali e Finanziarie",2021
SANTONI Anna Maria,"Dipartimento per l'Amministrazione Generale, per le Politiche del Personale dell'Amministrazione Civile e per le Risorse Strumentali e Finanziarie",2021
AMATO Amelia,Direzione Centrale per le Risorse Finanziarie e strumentali,2021
IMPAGLIAZZO Chiara,Direzione Centrale per le politiche del personale dell'amministrazione civile,2021
PETTI Giulia,Direzione Centrale per le politiche del personale dell'amministrazione civile,2021
STRINATI Rosa Maria,Direzione Centrale per le politiche del personale dell'amministrazione civile,2021
RUSSO Giuseppe,Questura di Catania,2021
STRANO Francesco,Questura di Firenze,2021
NUCERA Antonina,Questura di Reggio Calabria,2021
ADINOLFI Lucia,Questura di Salerno,2021
GRAVINO Arturo,Questura di Salerno,2021
BORTALI Donatella,UTG Venezia,2021
MARTINI Gianluca,UTG d Fermo,2021
CINTI Claudio,UTG di Alessandria,2021
SCARAMOZZINO Iris,UTG di Alessandria,2021
GIUSTI Federica,UTG di Barletta Adria Trani,2021
SOLINAS Paola,UTG di Cagliari,2021
CALENDA Antonio,UTG di Catanzaro,2021
PENDOLINO Maria Ada,UTG di Cremona,2021
IASCI Carmela,UTG di Ferrara,2021
COLUCCI Luigi,UTG di Firenze,2021
MINASSO Carla,UTG di Imperia,2021
SCHIEPPATI Massimo,UTG di Milano,2021
ESCOLI Cinzia,UTG di Monza Brianza,2021
TOME' Daniela,UTG di Padova,2021
DI GIOVANNI Vincenzo,UTG di Palermo,2021
LATTEO Saverio Roberto,UTG di Palermo,2021
CHIRICO Donato,UTG di Piacenza,2021
STORACI Alessandro,UTG di Ragusa,2021
TRIPODI Marialuisa,UTG di Reggio Calabria,2021
SOMASCA Elena,UTG di Roma,2021
FAZIO Valeria,UTG di Savona,2021
GIANFREDA Francesco,UTG di Torino,2021
CUCCHIARO Daniela Desi,UTG di Udine,2021
GROSSI Paola,Commissario Straordinario Antiracket e Antiusura,2022
ALFANO Marco,Dipartimento Affari Interni e Territoriali,2022
BARBATI Gianna,Dipartimento Affari Interni e Territoriali,2022
D'ANGELO Antonio,Dipartimento Affari Interni e Territoriali,2022
DI SALVATORE Nunzia,Dipartimento Affari Interni e Territoriali,2022
IATOMASI Giuseppe,Dipartimento Affari Interni e Territoriali,2022
MANCINI Giulio,Dipartimento Affari Interni e Territoriali,2022
SALVATO Rosalba,Dipartimento Affari Interni e Territoriali,2022
DE PAOLA Gioconda,"Dipartimento dei Vigili del Fuoco, del Soccorso Pubblico e della Difesa Civile",2022
DELLA VECCHIA Corrado,"Dipartimento dei Vigili del Fuoco, del Soccorso Pubblico e della Difesa Civile",2022
DI BERARDINO Lorenzo,"Dipartimento dei Vigili del Fuoco, del Soccorso Pubblico e della Difesa Civile",2022
DI PAOLA Tiziana,"Dipartimento dei Vigili del Fuoco, del Soccorso Pubblico e della Difesa Civile",2022
FATINI Cristina,"Dipartimento dei Vigili del Fuoco, del Soccorso Pubblico e della Difesa Civile",2022
FILOSA Francesco,"Dipartimento dei Vigili del Fuoco, del Soccorso Pubblico e della Difesa Civile",2022
FORNACIARI Fabiana,"Dipartimento dei Vigili del Fuoco, del Soccorso Pubblico e della Difesa Civile",2022
IOLLO Sergio,"Dipartimento dei Vigili del Fuoco, del Soccorso Pubblico e della Difesa Civile",2022
RICCIARDI Francesco,"Dipartimento dei Vigili del Fuoco, del Soccorso Pubblico e della Difesa Civile",2022
SPARACINO Maria Laura,"Dipartimento dei Vigili del Fuoco, del Soccorso Pubblico e della Difesa Civile",2022
BUCCHIERI Annalisa,Dipartimento della Pubblica Sicurezza,2022
DI FELICE Marina,Dipartimento della Pubblica Sicurezza,2022
FORNARO Maria Pia,Dipartimento della Pubblica Sicurezza,2022
IACOVACCI Dario,Dipartimento della Pubblica Sicurezza,2022
MONTANARO Giuseppe,Dipartimento della Pubblica Sicurezza,2022
BRUZICHES Alessandra,Dipartimento delle Libertà Civili,2022
BUCCINI Valter,Dipartimento delle Libertà Civili,2022
PASTORELLO Maria Giovanna,Dipartimento delle Libertà Civili,2022
SAVELLI Giuseppina,Dipartimento delle Libertà Civili,2022
SINIBALDI Serena,Dipartimento delle Libertà Civili,2022
DE SANTIS Maria Paola,"Dipartimento per l'Amministrazione Generale, per le Politiche del Personale dell'Amministrazione Civile e per le Risorse Strumentali e Finanziarie",2022
FERRI Paolo,"Dipartimento per l'Amministrazione Generale, per le Politiche del Personale dell'Amministrazione Civile e per le Risorse Strumentali e Finanziarie",2022
GEMMELLARO Giuseppe,"Dipartimento per l'Amministrazione Generale, per le Politiche del Personale dell'Amministrazione Civile e per le Risorse Strumentali e Finanziarie",2022
IULIANI Floriano,"Dipartimento per l'Amministrazione Generale, per le Politiche del Personale dell'Amministrazione Civile e per le Risorse Strumentali e Finanziarie",2022
MANNARINO Salvatore,"Dipartimento per l'Amministrazione Generale, per le Politiche del Personale dell'Amministrazione Civile e per le Risorse Strumentali e Finanziarie",2022
SBARRA Anna Maria,"Dipartimento per l'Amministrazione Generale, per le Politiche del Personale dell'Amministrazione Civile e per le Risorse Strumentali e Finanziarie",2022
TEMPESTA Marco,"Dipartimento per l'Amministrazione Generale, per le Politiche del Personale dell'Amministrazione Civile e per le Risorse Strumentali e Finanziarie",2022
VISCARDI Antonio,"Dipartimento per l'Amministrazione Generale, per le Politiche del Personale dell'Amministrazione Civile e per le Risorse Strumentali e Finanziarie",2022
MONNATI Erika,Direzione Centrale Amministrazione Generale e per le Prefetture -UTG,2022
CAPUTO Pier Luigi,Direzione Centrale per le Risorse Finanziarie e strumentali,2022
DE LAURENTIS Nadia,Direzione Centrale per le Risorse Finanziarie e strumentali,2022
FISCHETTI Francesco Paolo,Direzione Centrale per le politiche del personale dell'amministrazione civile,2022
SCARAPAZZI Catia,Direzione Centrale per le politiche del personale dell'amministrazione civile,2022
TULIPANO Francesco Emmanuele,Direzione Centrale per le politiche del personale dell'amministrazione civile,2022
DELLE FAVE Roberto,Questura di Genova,2022
FEOLA Antonella,Questura di Imperia,2022
TOMASELLO Antonina,Questura di Milano,2022
IMPARATO Franco,Questura di Napoli,2022
VENTO Fiorella,Questura di Napoli,2022
SCAGLIONE Antonino,Questura di Palermo,2022
FIGUNDIO Paola Maria Grazia,Questura di Potenza,2022
CARIDI Luciano,Questura di Reggio Calabria,2022
AZZALI Viviana,Questura di Roma,2022
DI FRANCESCO Paolo,Questura di Roma,2022
MELISSE Massimo,Questura di Roma,2022
ROMANO Luigi,Questura di Roma,2022
MANZI Vincenza,Questura di Salerno,2022
PERSIA Patrizia Rosalba,Questura di Venezia,2022
CARNICELLA Nicoletta,Struttura di Missione Prevenzione e Contrasto Antimafia Sisma,2022
MONDELLO Maria Rosa,UTG Vicenza,2022
SCARAMOZZINO Iris,UTG di Alessandria,2022
SPINAZZOLA Maria Luisa,UTG di Alessandria,2022
SOPRANZETTI Gabriella,UTG di Ascoli Piceno,2022
SPALATO CERUSO Anna Maria,UTG di Avellino,2022
CANTORO Mariangela,UTG di Bari,2022
CASSANO Giandonato,UTG di Bari,2022
BONADIE Paolo,UTG di Barletta Adria Trani,2022
BONGERMINO Loredana,UTG di Bologna,2022
MIGLIOZZI Antonia,UTG di Campobasso,2022
CERIELLO Angelo,UTG di Caserta,2022
LONGARI Maura,UTG di Cremona,2022
CHIAVASSA Marina,UTG di Cuneo,2022
FACHIN Franca,UTG di Cuneo,2022
MARTINI Gianluca,UTG di Fermo,2022
LANDRISCINA Antonio,UTG di Firenze,2022
SALVI Cristiana,UTG di Forlì Cesena,2022
OGGIANU Alessandra,UTG di Genova,2022
VASSALLO Laura,UTG di Genova,2022
NAPOLITANO Lucia,UTG di Grosseto,2022
NISTICO' Annalisa,UTG di La Spezia,2022
MASELLI Simona Maria,UTG di Lecce,2022
FEDI Patrizia,UTG di Lucca,2022
PARATORE Giuseppa,UTG di Messina,2022
CATALANO Sebastiano Antonio Giuseppe,UTG di Milano,2022
DE SANTIS Gennaro,UTG di Napoli,2022
FERRARELLI Marco,UTG di Oristano,2022
PATTI Giuseppina,UTG di Palermo,2022
DI GIOVANNI Vincenzo,UTG di Pavia,2022
TUSCANO Carmelo,UTG di Pavia,2022
DE STEFANO Stefania,UTG di Pisa,2022
ANASTASIO Anna,UTG di Pistoia,2022
CASTELLI Antonio,UTG di Pordenone,2022
MAIO Domenica Maria,UTG di Potenza,2022
DE FAZIO Elisabetta,UTG di Prato,2022
MARAZZITA Maria Carmela,UTG di Reggio Calabria,2022
CAROLI Andrea,UTG di Reggio Emilia,2022
CARBINI Carlo,UTG di Salerno,2022
ZAMBRANO Enza,UTG di Salerno,2022
VOZZA Roberto,UTG di Taranto,2022
IERACE Luigi,UTG di Torino,2022
MARTINI Angelo,UTG di Torino,2022
CILLO Alfredo Gerardo,UTG di Treviso,2022
LEVANE Gerardo,UTG di Treviso,2022
CIOFFI Angela,UTG di Trieste,2022
AMATO Amelia,Uffici di diretta collaborazione,2022
ANGELINI Fabio,D.C. Affari dei culti e per l' ammin. del FEC - Ufficio IV,2023
RANTICA Nicoletta,D.C. Programmazione e servizi generali - Ufficio V Affari economico finanziari e Fondo lire U.N.R.R.A.,2023
SOZIO Nadia,D.C. Servizi Civili per l'Immigrazione e l'Asilo - Ufficio IV Unità Dublino,2023
SALVATO Rosalba,Direzione Centrale per i Servizi Elettorali Ufficio II - Organizzazione delle consultazioni elettorali e referendarie,2023
PACELLA Roberto,"Direzione Centrale per la Finanza Locale Ufficio I - Studi, consulenza giuridica e contenzioso in materia di finanza locale",2023
FESTA Anna Rita,Direzione Centrale per le Autonomie Ufficio V- Affari enti locali,2023
TURANO Laura,"D.C. Diritti Civili, Cittadinanza e Minoranze",2024
RESCIGNO Annarita,D.C. Politiche Migratorie Autorità FAMI,2024
SALVATO Rosalba,Direzione Centrale per i Servizi Elettorali,2024
GASPARI Oscar,Direzione Centrale per la Finanza Locale,2024
TONETTI Alessandra,Direzione Centrale per le Autonomie,2024
COMUNE Francesco,Direzione Centrale per le Politiche del Personale dell'Amministrazione Civile Uff IX - Affari legali e contenzioso per il personale contrattualizzato,2024
TULIPANO Francesco Emmanuele,Direzione Centrale per le Politiche del Personale dell'Amministrazione Civile Ufficio I - Pianificazione e politiche del personale,2024
AMATO Amelia,Direzione Centrale per le Risorse Finanziarie e Strumentali Ufficio VII - Trattamento dei dati previdenziali a fini pensionistici,2024
IMPAGLIAZZO Chiara,Ufficio IV di Staff - Relazioni Internazionali,2024
IAZZETTI Mariacarla,Commissione Nazionale Asilo,2025
TEDDE Matteo,Direzione Centrale dei Servizi Civili,2025
SALVATO Rosalba,Direzione Centrale per i Servizi Elettorali,2025
LANZERI Teresa,Direzione Centrale per la Finanza Locale,2025
CAPOSSELE Alfonso,Direzione Centrale per la Programmazione e l Servizi Generali,2025
PICIARELLI Roberta,Direzione Centrale per le Autonomie,2025
SCELSI Rosario,Direzione Centrale per le Politiche del Personale dell'Amministrazione Civile Ufficio I Gabinetto del Capo Dipartimento,2025
ZEGRETTI Teresa,Direzione Centrale per le Politiche del Personale dell'Amministrazione Civile Ufficio VII Amministrazione del personale delle aree seconda e prima,2025
AMATO Amelia,Direzione Centrale per le Risorse Finanziarie e Strumentali Uffici VII Trattamento dati previdenziali a fini pensionistici,2025
GHIRARDI ROBERTA,UTG di Brescia,Dal 1.1.19 al 3.4.19
MARIA PIA CONSOLE,UTG di Brescia,Dal 4.4.2019
