web-scraper-order,web-scraper-start-url,paese,AMBASCIATA,AMBASCIATORE
"1738615455-1","https://www.esteri.it/it/ministero/struttura/laretediplomatica/?pag=21","VANUATU","","AMBASCIATORE: CRUDELE PAOLO"
"1738615455-2","https://www.esteri.it/it/ministero/struttura/laretediplomatica/?pag=21","VENEZUELA","AMBASCIATA - CARACAS","AMBASCIATORE: DE VITO GIOVANNI UMBERTO"
"1738615455-3","https://www.esteri.it/it/ministero/struttura/laretediplomatica/?pag=21","VIETNAM","AMBASCIATA - HANOI","AMBASCIATORE: della SETA MARCO"
"1738615455-4","https://www.esteri.it/it/ministero/struttura/laretediplomatica/?pag=21","YEMEN","AMBASCIATA - SANA'A",""
"1738615455-5","https://www.esteri.it/it/ministero/struttura/laretediplomatica/?pag=21","ZAMBIA","AMBASCIATA - LUSAKA","AMBASCIATORE: DE AGOSTINI ENRICO"
"1738615455-6","https://www.esteri.it/it/ministero/struttura/laretediplomatica/?pag=21","ZIMBABWE","AMBASCIATA - HARARE","AMBASCIATORE: MALNATI UMBERTO"
"1738615457-7","https://www.esteri.it/it/ministero/struttura/laretediplomatica/?pag=20","TRINIDAD E TOBAGO","","AMBASCIATORE: NICOLETTI FABRIZIO"
"1738615457-8","https://www.esteri.it/it/ministero/struttura/laretediplomatica/?pag=20","TUNISIA","AMBASCIATA - TUNISI","AMBASCIATORE: PRUNAS ALESSANDRO"
"1738615457-9","https://www.esteri.it/it/ministero/struttura/laretediplomatica/?pag=20","TURCHIA","AMBASCIATA - ANKARA","AMBASCIATORE: MARRAPODI GIORGIO"
"1738615457-10","https://www.esteri.it/it/ministero/struttura/laretediplomatica/?pag=20","TURKMENISTAN","AMBASCIATA - ASHGABAT","AMBASCIATORE: FERRARI LUIGI"
"1738615457-11","https://www.esteri.it/it/ministero/struttura/laretediplomatica/?pag=20","TUVALU","","AMBASCIATORE: CALOGERO FRANCESCO"
"1738615457-12","https://www.esteri.it/it/ministero/struttura/laretediplomatica/?pag=20","UCRAINA","AMBASCIATA - KIEV","AMBASCIATORE: FORMOSA CARLO"
"1738615457-13","https://www.esteri.it/it/ministero/struttura/laretediplomatica/?pag=20","UGANDA","AMBASCIATA - KAMPALA","AMBASCIATORE: MASSONI MAURO"
"1738615457-14","https://www.esteri.it/it/ministero/struttura/laretediplomatica/?pag=20","UNGHERIA","AMBASCIATA - BUDAPEST","AMBASCIATORE: JACOANGELI MANUEL"
"1738615457-15","https://www.esteri.it/it/ministero/struttura/laretediplomatica/?pag=20","URUGUAY","AMBASCIATA - MONTEVIDEO","AMBASCIATORE: PETRI FABRIZIO"
"1738615457-16","https://www.esteri.it/it/ministero/struttura/laretediplomatica/?pag=20","UZBEKISTAN","AMBASCIATA - TASHKENT",""
"1738615459-17","https://www.esteri.it/it/ministero/struttura/laretediplomatica/?pag=19","SUDAN","AMBASCIATA - KHARTOUM","AMBASCIATORE: TOMMASI MICHELE"
"1738615459-18","https://www.esteri.it/it/ministero/struttura/laretediplomatica/?pag=19","SURINAME","","AMBASCIATORE: CORTESE ALESSANDRO"
"1738615459-19","https://www.esteri.it/it/ministero/struttura/laretediplomatica/?pag=19","SVEZIA","AMBASCIATA - STOCCOLMA","AMBASCIATORE: PALA MICHELE"
"1738615459-20","https://www.esteri.it/it/ministero/struttura/laretediplomatica/?pag=19","SVIZZERA","AMBASCIATA - BERNA","AMBASCIATORE: CORNADO GIAN LORENZO"
"1738615459-21","https://www.esteri.it/it/ministero/struttura/laretediplomatica/?pag=19","TAGIKISTAN","",""
"1738615459-22","https://www.esteri.it/it/ministero/struttura/laretediplomatica/?pag=19","TAIWAN","",""
"1738615459-23","https://www.esteri.it/it/ministero/struttura/laretediplomatica/?pag=19","TANZANIA","AMBASCIATA - DAR-ES-SALAAM","AMBASCIATORE: COPPOLA GIUSEPPE SEAN"
"1738615459-24","https://www.esteri.it/it/ministero/struttura/laretediplomatica/?pag=19","THAILANDIA","AMBASCIATA - BANGKOK",""
"1738615459-25","https://www.esteri.it/it/ministero/struttura/laretediplomatica/?pag=19","TOGO","",""
"1738615459-26","https://www.esteri.it/it/ministero/struttura/laretediplomatica/?pag=19","TONGA","","AMBASCIATORE: CALOGERO FRANCESCO"
"1738615461-27","https://www.esteri.it/it/ministero/struttura/laretediplomatica/?pag=18","SLOVACCHIA","AMBASCIATA - BRATISLAVA","AMBASCIATORE: DE FELICE GIANCLEMENTE"
"1738615461-28","https://www.esteri.it/it/ministero/struttura/laretediplomatica/?pag=18","SLOVENIA","AMBASCIATA - LUBIANA","AMBASCIATORE: CAVAGNA GIUSEPPE"
"1738615461-29","https://www.esteri.it/it/ministero/struttura/laretediplomatica/?pag=18","SOMALIA","","AMBASCIATORE: DACCÒ COPPI PIER MARIO"
"1738615461-30","https://www.esteri.it/it/ministero/struttura/laretediplomatica/?pag=18","SOVRANO MILITARE ORDINE DI MALTA","","AMBASCIATORE: DI NITTO FRANCESCO"
"1738615461-31","https://www.esteri.it/it/ministero/struttura/laretediplomatica/?pag=18","SPAGNA","AMBASCIATA - MADRID","AMBASCIATORE: BUCCINO GRIMALDI GIUSEPPE MARIA"
"1738615461-32","https://www.esteri.it/it/ministero/struttura/laretediplomatica/?pag=18","SRI LANKA","AMBASCIATA - COLOMBO","AMBASCIATORE: FRANCOVIGH DAMIANO"
"1738615461-33","https://www.esteri.it/it/ministero/struttura/laretediplomatica/?pag=18","STATI FEDERATI DI MICRONESIA","","AMBASCIATORE: GIGLIO DAVIDE"
"1738615461-34","https://www.esteri.it/it/ministero/struttura/laretediplomatica/?pag=18","STATI UNITI D'AMERICA","AMBASCIATA - WASHINGTON","AMBASCIATORE: ZAPPIA MARIA ANGELA"
"1738615461-35","https://www.esteri.it/it/ministero/struttura/laretediplomatica/?pag=18","SUD AFRICA","AMBASCIATA - PRETORIA",""
"1738615461-36","https://www.esteri.it/it/ministero/struttura/laretediplomatica/?pag=18","SUD SUDAN","","AMBASCIATORE: PALESE AGOSTINO"
"1738615463-37","https://www.esteri.it/it/ministero/struttura/laretediplomatica/?pag=17","SAMOA","","AMBASCIATORE: CALOGERO FRANCESCO"
"1738615463-38","https://www.esteri.it/it/ministero/struttura/laretediplomatica/?pag=17","SAN MARINO","AMBASCIATA - SAN MARINO","AMBASCIATORE: COLACECI FABRIZIO"
"1738615463-39","https://www.esteri.it/it/ministero/struttura/laretediplomatica/?pag=17","SANTA SEDE","AMBASCIATA - SANTA SEDE - CITTA' DEL VATICANO","AMBASCIATORE: DI NITTO FRANCESCO"
"1738615463-40","https://www.esteri.it/it/ministero/struttura/laretediplomatica/?pag=17","SÃO TOME' E PRINCIPE","","AMBASCIATORE: RICCI MARCO"
"1738615463-41","https://www.esteri.it/it/ministero/struttura/laretediplomatica/?pag=17","SENEGAL","AMBASCIATA - DAKAR","AMBASCIATORE: BERTOLINI CATERINA"
"1738615463-42","https://www.esteri.it/it/ministero/struttura/laretediplomatica/?pag=17","SERBIA","AMBASCIATA - BELGRADO","AMBASCIATORE: GORI LUCA"
"1738615463-43","https://www.esteri.it/it/ministero/struttura/laretediplomatica/?pag=17","SEYCHELLES","","AMBASCIATORE: NATALI ROBERTO"
"1738615463-44","https://www.esteri.it/it/ministero/struttura/laretediplomatica/?pag=17","SIERRA LEONE","","AMBASCIATORE: LUZZI ARTURO"
"1738615463-45","https://www.esteri.it/it/ministero/struttura/laretediplomatica/?pag=17","SINGAPORE","AMBASCIATA - SINGAPORE","AMBASCIATORE: BRANDI DANTE"
"1738615463-46","https://www.esteri.it/it/ministero/struttura/laretediplomatica/?pag=17","SIRIA","AMBASCIATA - DAMASCO","AMBASCIATORE: RAVAGNAN STEFANO"
"1738615465-47","https://www.esteri.it/it/ministero/struttura/laretediplomatica/?pag=16","REPUBBLICA DI MACEDONIA DEL NORD","AMBASCIATA - SKOPJE","AMBASCIATORE: PALMINTERI PAOLO"
"1738615465-48","https://www.esteri.it/it/ministero/struttura/laretediplomatica/?pag=16","REPUBBLICA DI PALAU","","AMBASCIATORE: GIGLIO DAVIDE"
"1738615465-49","https://www.esteri.it/it/ministero/struttura/laretediplomatica/?pag=16","REPUBBLICA DOMINICANA","AMBASCIATA - SANTO DOMINGO","AMBASCIATORE: QUEIROLO PALMAS STEFANO"
"1738615465-50","https://www.esteri.it/it/ministero/struttura/laretediplomatica/?pag=16","REPUBBLICA POPOLARE CINESE","AMBASCIATA - PECHINO","AMBASCIATORE: AMBROSETTI MASSIMO"
"1738615465-51","https://www.esteri.it/it/ministero/struttura/laretediplomatica/?pag=16","REPUBBLICA POPOLARE DEMOCRATICA DI COREA","","AMBASCIATORE: GATTO EMILIA"
"1738615465-52","https://www.esteri.it/it/ministero/struttura/laretediplomatica/?pag=16","ROMANIA","AMBASCIATA - BUCAREST","AMBASCIATORE: DURANTE MANGONI ALFREDO MARIA"
"1738615465-53","https://www.esteri.it/it/ministero/struttura/laretediplomatica/?pag=16","RUANDA","","AMBASCIATORE: MASSONI MAURO"
"1738615465-54","https://www.esteri.it/it/ministero/struttura/laretediplomatica/?pag=16","SAINT KITTS E NEVIS","","AMBASCIATORE: NICOLETTI FABRIZIO"
"1738615465-55","https://www.esteri.it/it/ministero/struttura/laretediplomatica/?pag=16","SAINT LUCIA","","AMBASCIATORE: NICOLETTI FABRIZIO"
"1738615465-56","https://www.esteri.it/it/ministero/struttura/laretediplomatica/?pag=16","SAINT VINCENT E GRENADINE","",""
"1738615467-57","https://www.esteri.it/it/ministero/struttura/laretediplomatica/?pag=15","REGNO di ESWATINI","",""
"1738615467-58","https://www.esteri.it/it/ministero/struttura/laretediplomatica/?pag=15","REGNO UNITO","AMBASCIATA - LONDRA","AMBASCIATORE: LAMBERTINI INIGO"
"1738615467-59","https://www.esteri.it/it/ministero/struttura/laretediplomatica/?pag=15","REGNO UNITO: TERRITORI AMMINISTRATI IN AMERICA","",""
"1738615467-60","https://www.esteri.it/it/ministero/struttura/laretediplomatica/?pag=15","REGNO UNITO: TERRITORI AMMINISTRATI IN EUROPA","",""
"1738615467-61","https://www.esteri.it/it/ministero/struttura/laretediplomatica/?pag=15","REPUBBLICA CECA","AMBASCIATA - PRAGA","AMBASCIATORE: MARSILI MAURO"
"1738615467-62","https://www.esteri.it/it/ministero/struttura/laretediplomatica/?pag=15","REPUBBLICA CENTRAFRICANA","","AMBASCIATORE: SCAMMACCA del MURGO FILIPPO"
"1738615467-63","https://www.esteri.it/it/ministero/struttura/laretediplomatica/?pag=15","REPUBBLICA DEL CONGO","AMBASCIATA - BRAZZAVILLE","AMBASCIATORE: NUNZIATA ENRICO"
"1738615467-64","https://www.esteri.it/it/ministero/struttura/laretediplomatica/?pag=15","REPUBBLICA DEMOCRATICA DEL CONGO","AMBASCIATA - KINSHASA","AMBASCIATORE: SORRENTINO SABATO FRANCO"
"1738615467-65","https://www.esteri.it/it/ministero/struttura/laretediplomatica/?pag=15","REPUBBLICA DEMOCRATICA DI TIMOR EST","","AMBASCIATORE: COLAMINE' ROBERTO"
"1738615467-66","https://www.esteri.it/it/ministero/struttura/laretediplomatica/?pag=15","REPUBBLICA DI COREA","AMBASCIATA - SEOUL","AMBASCIATORE: GATTO EMILIA"
"1738615469-67","https://www.esteri.it/it/ministero/struttura/laretediplomatica/?pag=14","PAESI BASSI: TERRITORI AMMINISTRATI IN AMERICA","",""
"1738615469-68","https://www.esteri.it/it/ministero/struttura/laretediplomatica/?pag=14","PAKISTAN","AMBASCIATA - ISLAMABAD","AMBASCIATORE: ARMELLIN MARILINA"
"1738615469-69","https://www.esteri.it/it/ministero/struttura/laretediplomatica/?pag=14","PANAMA","AMBASCIATA - PANAMA","AMBASCIATORE: NICOLETTI FABRIZIO"
"1738615469-70","https://www.esteri.it/it/ministero/struttura/laretediplomatica/?pag=14","PAPUA NUOVA GUINEA","","AMBASCIATORE: CRUDELE PAOLO"
"1738615469-71","https://www.esteri.it/it/ministero/struttura/laretediplomatica/?pag=14","PARAGUAY","AMBASCIATA - ASSUNZIONE","AMBASCIATORE: FONDI MARCELLO"
"1738615469-72","https://www.esteri.it/it/ministero/struttura/laretediplomatica/?pag=14","PERU'","AMBASCIATA - LIMA","AMBASCIATORE: MAZZANTI MASSIMILIANO"
"1738615469-73","https://www.esteri.it/it/ministero/struttura/laretediplomatica/?pag=14","POLONIA","AMBASCIATA - VARSAVIA","AMBASCIATORE: FRANCHETTI PARDO LUCA"
"1738615469-74","https://www.esteri.it/it/ministero/struttura/laretediplomatica/?pag=14","PORTOGALLO","AMBASCIATA - LISBONA","AMBASCIATORE: MISCIA CLAUDIO"
"1738615469-75","https://www.esteri.it/it/ministero/struttura/laretediplomatica/?pag=14","QATAR","AMBASCIATA - DOHA","AMBASCIATORE: TOSCHI PAOLO"
"1738615469-76","https://www.esteri.it/it/ministero/struttura/laretediplomatica/?pag=14","REGNO DI ESWATINI","","AMBASCIATORE: ANNIS GABRIELE PHILLIP"
"1738615472-77","https://www.esteri.it/it/ministero/struttura/laretediplomatica/?pag=13","NEPAL","","AMBASCIATORE: BARTOLI ANTONIO ENRICO"
"1738615472-78","https://www.esteri.it/it/ministero/struttura/laretediplomatica/?pag=13","NICARAGUA","AMBASCIATA - MANAGUA","AMBASCIATORE: DE SANTI SIMONE"
"1738615472-79","https://www.esteri.it/it/ministero/struttura/laretediplomatica/?pag=13","NIGER","AMBASCIATA - NIAMEY","AMBASCIATORE: ORLANDO ROBERTO"
"1738615472-80","https://www.esteri.it/it/ministero/struttura/laretediplomatica/?pag=13","NIGERIA","AMBASCIATA - ABUJA","AMBASCIATORE: DE LEO STEFANO"
"1738615472-81","https://www.esteri.it/it/ministero/struttura/laretediplomatica/?pag=13","NIUE","","AMBASCIATORE: CALOGERO FRANCESCO"
"1738615472-82","https://www.esteri.it/it/ministero/struttura/laretediplomatica/?pag=13","NORVEGIA","AMBASCIATA - OSLO","AMBASCIATORE: NICOLETTI STEFANO"
"1738615472-83","https://www.esteri.it/it/ministero/struttura/laretediplomatica/?pag=13","NUOVA ZELANDA","AMBASCIATA - WELLINGTON","AMBASCIATORE: CALOGERO FRANCESCO"
"1738615472-84","https://www.esteri.it/it/ministero/struttura/laretediplomatica/?pag=13","OMAN","AMBASCIATA - MASCATE","AMBASCIATORE: D'ELIA PIERLUIGI"
"1738615472-85","https://www.esteri.it/it/ministero/struttura/laretediplomatica/?pag=13","ORGANISMI INTERNAZIONALI","","AMBASCIATORE, CAPO RAPPRESENTANZA: CELESTE VINCENZO"
"1738615472-86","https://www.esteri.it/it/ministero/struttura/laretediplomatica/?pag=13","PAESI BASSI","AMBASCIATA - L'AJA","AMBASCIATORE: NOVELLO GIORGIO"
"1738615474-87","https://www.esteri.it/it/ministero/struttura/laretediplomatica/?pag=12","MAURITIUS","",""
"1738615474-88","https://www.esteri.it/it/ministero/struttura/laretediplomatica/?pag=12","MESSICO","AMBASCIATA - CITTA' DEL MESSICO","AMBASCIATORE: MODIANO ALESSANDRO"
"1738615474-89","https://www.esteri.it/it/ministero/struttura/laretediplomatica/?pag=12","MOLDOVA","AMBASCIATA - CHISINAU","AMBASCIATORE: TOMASSONI LORENZO"
"1738615474-90","https://www.esteri.it/it/ministero/struttura/laretediplomatica/?pag=12","MONACO","AMBASCIATA - MONACO (Principato)","AMBASCIATORE: RUOSI MANUELA"
"1738615474-91","https://www.esteri.it/it/ministero/struttura/laretediplomatica/?pag=12","MONGOLIA","AMBASCIATA - ULAANBAATAR","AMBASCIATORE: PICCARRETA GIOVANNA"
"1738615474-92","https://www.esteri.it/it/ministero/struttura/laretediplomatica/?pag=12","MONTENEGRO","AMBASCIATA - PODGORICA","AMBASCIATORE: MARSELLA ANDREINA"
"1738615474-93","https://www.esteri.it/it/ministero/struttura/laretediplomatica/?pag=12","MOZAMBICO","AMBASCIATA - MAPUTO","AMBASCIATORE: ANNIS GABRIELE PHILLIP"
"1738615474-94","https://www.esteri.it/it/ministero/struttura/laretediplomatica/?pag=12","MYANMAR","AMBASCIATA - YANGON","AMBASCIATORE: TASSONI ESTENSE di CASTELVECCHIO NICOLO'"
"1738615474-95","https://www.esteri.it/it/ministero/struttura/laretediplomatica/?pag=12","NAMIBIA","",""
"1738615474-96","https://www.esteri.it/it/ministero/struttura/laretediplomatica/?pag=12","NAURU","","AMBASCIATORE: CRUDELE PAOLO"
"1738615476-97","https://www.esteri.it/it/ministero/struttura/laretediplomatica/?pag=11","LITUANIA","AMBASCIATA - VILNIUS","AMBASCIATORE: de MAIGRET EMANUELE"
"1738615476-98","https://www.esteri.it/it/ministero/struttura/laretediplomatica/?pag=11","LUSSEMBURGO","AMBASCIATA - LUSSEMBURGO","AMBASCIATORE: ROBUSTELLI CARMINE"
"1738615476-99","https://www.esteri.it/it/ministero/struttura/laretediplomatica/?pag=11","MADAGASCAR","",""
"1738615476-100","https://www.esteri.it/it/ministero/struttura/laretediplomatica/?pag=11","MALAWI","",""
"1738615476-101","https://www.esteri.it/it/ministero/struttura/laretediplomatica/?pag=11","MALAYSIA","AMBASCIATA - KUALA LUMPUR","AMBASCIATORE: RUSTICO MASSIMO"
"1738615476-102","https://www.esteri.it/it/ministero/struttura/laretediplomatica/?pag=11","MALDIVE","","AMBASCIATORE: FRANCOVIGH DAMIANO"
"1738615476-103","https://www.esteri.it/it/ministero/struttura/laretediplomatica/?pag=11","MALI","AMBASCIATA - BAMAKO","AMBASCIATORE: DEJAK STEFANO ANTONIO"
"1738615476-104","https://www.esteri.it/it/ministero/struttura/laretediplomatica/?pag=11","MALTA","AMBASCIATA - LA VALLETTA","AMBASCIATORE: ROMANO FABRIZIO"
"1738615476-105","https://www.esteri.it/it/ministero/struttura/laretediplomatica/?pag=11","MAROCCO","AMBASCIATA - RABAT","AMBASCIATORE: BARUCCO ARMANDO"
"1738615476-106","https://www.esteri.it/it/ministero/struttura/laretediplomatica/?pag=11","MAURITANIA","AMBASCIATA - NOUAKCHOTT","AMBASCIATORE: BOTTA' LAURA"
"1738615478-107","https://www.esteri.it/it/ministero/struttura/laretediplomatica/?pag=10","KIRIBATI","","AMBASCIATORE: CALOGERO FRANCESCO"
"1738615478-108","https://www.esteri.it/it/ministero/struttura/laretediplomatica/?pag=10","KOSOVO","AMBASCIATA - PRISTINA","AMBASCIATORE: DE RIU ANTONELLO"
"1738615478-109","https://www.esteri.it/it/ministero/struttura/laretediplomatica/?pag=10","KUWAIT","AMBASCIATA - AL KUWAIT","AMBASCIATORE: MORINI LORENZO"
"1738615478-110","https://www.esteri.it/it/ministero/struttura/laretediplomatica/?pag=10","LAOS","",""
"1738615478-111","https://www.esteri.it/it/ministero/struttura/laretediplomatica/?pag=10","LESOTHO","",""
"1738615478-112","https://www.esteri.it/it/ministero/struttura/laretediplomatica/?pag=10","LETTONIA","AMBASCIATA - RIGA","AMBASCIATORE: MONTI ALESSANDRO"
"1738615478-113","https://www.esteri.it/it/ministero/struttura/laretediplomatica/?pag=10","LIBANO","AMBASCIATA - BEIRUT","AMBASCIATORE: MARCELLI FABRIZIO"
"1738615478-114","https://www.esteri.it/it/ministero/struttura/laretediplomatica/?pag=10","LIBERIA","","AMBASCIATORE: LUZZI ARTURO"
"1738615478-115","https://www.esteri.it/it/ministero/struttura/laretediplomatica/?pag=10","LIBIA","AMBASCIATA - TRIPOLI","AMBASCIATORE: ALBERINI GIANLUCA"
"1738615478-116","https://www.esteri.it/it/ministero/struttura/laretediplomatica/?pag=10","LIECHTENSTEIN","","AMBASCIATORE: CORNADO GIAN LORENZO"
"1738615480-117","https://www.esteri.it/it/ministero/struttura/laretediplomatica/?pag=9","IRAQ","AMBASCIATA - BAGHDAD",""
"1738615480-118","https://www.esteri.it/it/ministero/struttura/laretediplomatica/?pag=9","IRLANDA","AMBASCIATA - DUBLINO","AMBASCIATORE: FAGANELLO NICOLA"
"1738615480-119","https://www.esteri.it/it/ministero/struttura/laretediplomatica/?pag=9","ISLANDA","","AMBASCIATORE: NICOLETTI STEFANO"
"1738615480-120","https://www.esteri.it/it/ministero/struttura/laretediplomatica/?pag=9","ISOLE COOK","","AMBASCIATORE: CALOGERO FRANCESCO"
"1738615480-121","https://www.esteri.it/it/ministero/struttura/laretediplomatica/?pag=9","ISOLE MARSHALL","","AMBASCIATORE: GIGLIO DAVIDE"
"1738615480-122","https://www.esteri.it/it/ministero/struttura/laretediplomatica/?pag=9","ISOLE SALOMONE","","AMBASCIATORE: CRUDELE PAOLO"
"1738615480-123","https://www.esteri.it/it/ministero/struttura/laretediplomatica/?pag=9","ISRAELE","AMBASCIATA - TEL AVIV","AMBASCIATORE: FERRARI LUCA"
"1738615480-124","https://www.esteri.it/it/ministero/struttura/laretediplomatica/?pag=9","KAZAKHSTAN","AMBASCIATA - ASTANA",""
"1738615480-125","https://www.esteri.it/it/ministero/struttura/laretediplomatica/?pag=9","KENYA","AMBASCIATA - NAIROBI","AMBASCIATORE: NATALI ROBERTO"
"1738615480-126","https://www.esteri.it/it/ministero/struttura/laretediplomatica/?pag=9","KIRGHIZISTAN","",""
"1738615482-127","https://www.esteri.it/it/ministero/struttura/laretediplomatica/?pag=8","GUATEMALA","AMBASCIATA - GUATEMALA","AMBASCIATORE: DE NICOLO PAOLO"
"1738615482-128","https://www.esteri.it/it/ministero/struttura/laretediplomatica/?pag=8","GUINEA","AMBASCIATA - CONAKRY",""
"1738615482-129","https://www.esteri.it/it/ministero/struttura/laretediplomatica/?pag=8","GUINEA BISSAU","","AMBASCIATORE: BERTOLINI CATERINA"
"1738615482-130","https://www.esteri.it/it/ministero/struttura/laretediplomatica/?pag=8","GUINEA EQUATORIALE","","AMBASCIATORE: SCAMMACCA del MURGO FILIPPO"
"1738615482-131","https://www.esteri.it/it/ministero/struttura/laretediplomatica/?pag=8","GUYANA","","AMBASCIATORE: NICOLETTI FABRIZIO"
"1738615482-132","https://www.esteri.it/it/ministero/struttura/laretediplomatica/?pag=8","HAITI","","AMBASCIATORE: QUEIROLO PALMAS STEFANO"
"1738615482-133","https://www.esteri.it/it/ministero/struttura/laretediplomatica/?pag=8","HONDURAS","SEZIONE DISTACCATA DI AMBASCIATA - TEGUCIGALPA {Sezione distaccata di Città del Guatemala}","AMBASCIATORE: DE NICOLO PAOLO"
"1738615482-134","https://www.esteri.it/it/ministero/struttura/laretediplomatica/?pag=8","INDIA","AMBASCIATA - NEW DELHI","AMBASCIATORE: BARTOLI ANTONIO ENRICO"
"1738615482-135","https://www.esteri.it/it/ministero/struttura/laretediplomatica/?pag=8","INDONESIA","AMBASCIATA - JAKARTA","AMBASCIATORE: COLAMINE' ROBERTO"
"1738615482-136","https://www.esteri.it/it/ministero/struttura/laretediplomatica/?pag=8","IRAN","AMBASCIATA - TEHERAN","AMBASCIATORE: AMADEI PAOLA"
"1738615484-137","https://www.esteri.it/it/ministero/struttura/laretediplomatica/?pag=7","GEORGIA","AMBASCIATA - TBILISI","AMBASCIATORE: D'ANTUONO MASSIMILIANO"
"1738615484-138","https://www.esteri.it/it/ministero/struttura/laretediplomatica/?pag=7","GERMANIA","AMBASCIATA - BERLINO","AMBASCIATORE: BUCCI FABRIZIO"
"1738615484-139","https://www.esteri.it/it/ministero/struttura/laretediplomatica/?pag=7","GERUSALEMME","",""
"1738615484-140","https://www.esteri.it/it/ministero/struttura/laretediplomatica/?pag=7","GHANA","AMBASCIATA - ACCRA",""
"1738615484-141","https://www.esteri.it/it/ministero/struttura/laretediplomatica/?pag=7","GIAMAICA","","AMBASCIATORE: ZAPPIA MARIA ANGELA"
"1738615484-142","https://www.esteri.it/it/ministero/struttura/laretediplomatica/?pag=7","GIAPPONE","AMBASCIATA - TOKYO","AMBASCIATORE: BENEDETTI GIANLUIGI"
"1738615484-143","https://www.esteri.it/it/ministero/struttura/laretediplomatica/?pag=7","GIBUTI","","AMBASCIATORE: PALESE AGOSTINO"
"1738615484-144","https://www.esteri.it/it/ministero/struttura/laretediplomatica/?pag=7","GIORDANIA","AMBASCIATA - AMMAN","AMBASCIATORE: PEZZOTTI LUCIANO"
"1738615484-145","https://www.esteri.it/it/ministero/struttura/laretediplomatica/?pag=7","GRECIA","AMBASCIATA - ATENE","AMBASCIATORE: CUCULI PAOLO"
"1738615484-146","https://www.esteri.it/it/ministero/struttura/laretediplomatica/?pag=7","GRENADA","","AMBASCIATORE: NICOLETTI FABRIZIO"
"1738615486-147","https://www.esteri.it/it/ministero/struttura/laretediplomatica/?pag=6","FEDERAZIONE RUSSA","AMBASCIATA - MOSCA","AMBASCIATORE: PICCIONI CECILIA"
"1738615486-148","https://www.esteri.it/it/ministero/struttura/laretediplomatica/?pag=6","FIGI","","AMBASCIATORE: CRUDELE PAOLO"
"1738615486-149","https://www.esteri.it/it/ministero/struttura/laretediplomatica/?pag=6","FILIPPINE","AMBASCIATA - MANILA","AMBASCIATORE: GIGLIO DAVIDE"
"1738615486-150","https://www.esteri.it/it/ministero/struttura/laretediplomatica/?pag=6","FINLANDIA","AMBASCIATA - HELSINKI","AMBASCIATORE: TODARO MARESCOTTI NICOLA"
"1738615486-151","https://www.esteri.it/it/ministero/struttura/laretediplomatica/?pag=6","FRANCIA","AMBASCIATA - PARIGI","AMBASCIATORE: D'ALESSANDRO EMANUELA"
"1738615486-152","https://www.esteri.it/it/ministero/struttura/laretediplomatica/?pag=6","FRANCIA: TERRITORI AMMINISTRATI IN AFRICA","",""
"1738615486-153","https://www.esteri.it/it/ministero/struttura/laretediplomatica/?pag=6","FRANCIA: TERRITORI AMMINISTRATI IN AMERICA","",""
"1738615486-154","https://www.esteri.it/it/ministero/struttura/laretediplomatica/?pag=6","FRANCIA: TERRITORI AMMINISTRATI IN OCEANIA","",""
"1738615486-155","https://www.esteri.it/it/ministero/struttura/laretediplomatica/?pag=6","GABON","AMBASCIATA - LIBREVILLE","AMBASCIATORE: MOSCATELLI STEFANO"
"1738615486-156","https://www.esteri.it/it/ministero/struttura/laretediplomatica/?pag=6","GAMBIA","","AMBASCIATORE: BERTOLINI CATERINA"
"1738615488-157","https://www.esteri.it/it/ministero/struttura/laretediplomatica/?pag=5","CUBA","AMBASCIATA - L'AVANA","AMBASCIATORE: VELLANO ROBERTO"
"1738615488-158","https://www.esteri.it/it/ministero/struttura/laretediplomatica/?pag=5","DANIMARCA","AMBASCIATA - COPENAGHEN","AMBASCIATORE: ROSINI STEFANIA"
"1738615488-159","https://www.esteri.it/it/ministero/struttura/laretediplomatica/?pag=5","DOMINICA","","AMBASCIATORE: NICOLETTI FABRIZIO"
"1738615488-160","https://www.esteri.it/it/ministero/struttura/laretediplomatica/?pag=5","ECUADOR","AMBASCIATA - QUITO","AMBASCIATORE: DAVOLI GIOVANNI"
"1738615488-161","https://www.esteri.it/it/ministero/struttura/laretediplomatica/?pag=5","EGITTO","AMBASCIATA - IL CAIRO","AMBASCIATORE: QUARONI MICHELE"
"1738615488-162","https://www.esteri.it/it/ministero/struttura/laretediplomatica/?pag=5","EL SALVADOR","AMBASCIATA - SAN SALVADOR","AMBASCIATORE: ROZO SORDINI PAOLO EMANUELE"
"1738615488-163","https://www.esteri.it/it/ministero/struttura/laretediplomatica/?pag=5","EMIRATI ARABI UNITI","AMBASCIATA - ABU DHABI","AMBASCIATORE: FANARA LORENZO"
"1738615488-164","https://www.esteri.it/it/ministero/struttura/laretediplomatica/?pag=5","ERITREA","AMBASCIATA - ASMARA","AMBASCIATORE: DI RISO ALFONSO"
"1738615488-165","https://www.esteri.it/it/ministero/struttura/laretediplomatica/?pag=5","ESTONIA","AMBASCIATA - TALLINN","AMBASCIATORE: CATANI STEFANO"
"1738615488-166","https://www.esteri.it/it/ministero/struttura/laretediplomatica/?pag=5","ETIOPIA","AMBASCIATA - ADDIS ABEBA","AMBASCIATORE: PALESE AGOSTINO"
"1738615490-167","https://www.esteri.it/it/ministero/struttura/laretediplomatica/?pag=4","CANADA","AMBASCIATA - OTTAWA","AMBASCIATORE: CATTANEO ALESSANDRO"
"1738615490-168","https://www.esteri.it/it/ministero/struttura/laretediplomatica/?pag=4","CAPO VERDE","","AMBASCIATORE: BERTOLINI CATERINA"
"1738615490-169","https://www.esteri.it/it/ministero/struttura/laretediplomatica/?pag=4","CIAD","","AMBASCIATORE: SCAMMACCA del MURGO FILIPPO"
"1738615490-170","https://www.esteri.it/it/ministero/struttura/laretediplomatica/?pag=4","CILE","AMBASCIATA - SANTIAGO","AMBASCIATORE: BIAGIOTTI VALERIA"
"1738615490-171","https://www.esteri.it/it/ministero/struttura/laretediplomatica/?pag=4","CIPRO","AMBASCIATA - NICOSIA","AMBASCIATORE: FERRARI BRAVO FEDERICA"
"1738615490-172","https://www.esteri.it/it/ministero/struttura/laretediplomatica/?pag=4","COLOMBIA","AMBASCIATA - BOGOTA'","AMBASCIATORE: CURCIO GIANCARLO MARIA"
"1738615490-173","https://www.esteri.it/it/ministero/struttura/laretediplomatica/?pag=4","COMORE","","AMBASCIATORE: COPPOLA GIUSEPPE SEAN"
"1738615490-174","https://www.esteri.it/it/ministero/struttura/laretediplomatica/?pag=4","COSTA D'AVORIO","AMBASCIATA - ABIDJAN","AMBASCIATORE: LUZZI ARTURO"
"1738615490-175","https://www.esteri.it/it/ministero/struttura/laretediplomatica/?pag=4","COSTA RICA","AMBASCIATA - SAN JOSE' DE COSTARICA","AMBASCIATORE: COLELLA ALBERTO"
"1738615490-176","https://www.esteri.it/it/ministero/struttura/laretediplomatica/?pag=4","CROAZIA","AMBASCIATA - ZAGABRIA","AMBASCIATORE: TRICHILO PAOLO"
"1738615492-177","https://www.esteri.it/it/ministero/struttura/laretediplomatica/?pag=3","BOLIVIA","AMBASCIATA - LA PAZ","AMBASCIATORE: MESSINEO FABIO"
"1738615492-178","https://www.esteri.it/it/ministero/struttura/laretediplomatica/?pag=3","BOSNIA-ERZEGOVINA","AMBASCIATA - SARAJEVO","AMBASCIATORE: CASTELLANI SARAH ETI"
"1738615492-179","https://www.esteri.it/it/ministero/struttura/laretediplomatica/?pag=3","BOTSWANA","","AMBASCIATORE: ANNIS GABRIELE PHILLIP"
"1738615492-180","https://www.esteri.it/it/ministero/struttura/laretediplomatica/?pag=3","BRASILE","AMBASCIATA - BRASILIA","AMBASCIATORE: CORTESE ALESSANDRO"
"1738615492-181","https://www.esteri.it/it/ministero/struttura/laretediplomatica/?pag=3","BRUNEI","","AMBASCIATORE: BRANDI DANTE"
"1738615492-182","https://www.esteri.it/it/ministero/struttura/laretediplomatica/?pag=3","BULGARIA","AMBASCIATA - SOFIA","AMBASCIATORE: ZARRA GIUSEPPINA"
"1738615492-183","https://www.esteri.it/it/ministero/struttura/laretediplomatica/?pag=3","BURKINA FASO","AMBASCIATA - OUAGADOUGOU","AMBASCIATORE: DI MUZIO GABRIELE"
"1738615492-184","https://www.esteri.it/it/ministero/struttura/laretediplomatica/?pag=3","BURUNDI","","AMBASCIATORE: MASSONI MAURO"
"1738615492-185","https://www.esteri.it/it/ministero/struttura/laretediplomatica/?pag=3","CAMBOGIA","",""
"1738615492-186","https://www.esteri.it/it/ministero/struttura/laretediplomatica/?pag=3","CAMERUN","AMBASCIATA - YAOUNDE'","AMBASCIATORE: SCAMMACCA del MURGO FILIPPO"
"1738615494-187","https://www.esteri.it/it/ministero/struttura/laretediplomatica/?pag=2","AUSTRIA","AMBASCIATA - VIENNA","AMBASCIATORE: PUGLIESE GIOVANNI"
"1738615494-188","https://www.esteri.it/it/ministero/struttura/laretediplomatica/?pag=2","AZERBAIGIAN","AMBASCIATA - BAKU","AMBASCIATORE: DI GIANFRANCESCO LUCA"
"1738615494-189","https://www.esteri.it/it/ministero/struttura/laretediplomatica/?pag=2","BAHAMAS","","AMBASCIATORE: ZAPPIA MARIA ANGELA"
"1738615494-190","https://www.esteri.it/it/ministero/struttura/laretediplomatica/?pag=2","BAHREIN","AMBASCIATA - MANAMA","AMBASCIATORE: CATALANO ANDREA"
"1738615494-191","https://www.esteri.it/it/ministero/struttura/laretediplomatica/?pag=2","BANGLADESH","AMBASCIATA - DHAKA","AMBASCIATORE: ALESSANDRO ANTONIO"
"1738615494-192","https://www.esteri.it/it/ministero/struttura/laretediplomatica/?pag=2","BARBADOS","","AMBASCIATORE: NICOLETTI FABRIZIO"
"1738615494-193","https://www.esteri.it/it/ministero/struttura/laretediplomatica/?pag=2","BELGIO","AMBASCIATA - BRUXELLES","AMBASCIATORE: FAVI FEDERICA"
"1738615494-194","https://www.esteri.it/it/ministero/struttura/laretediplomatica/?pag=2","BELIZE","","AMBASCIATORE: MODIANO ALESSANDRO"
"1738615494-195","https://www.esteri.it/it/ministero/struttura/laretediplomatica/?pag=2","BENIN","","AMBASCIATORE: DE LEO STEFANO"
"1738615494-196","https://www.esteri.it/it/ministero/struttura/laretediplomatica/?pag=2","BIELORUSSIA","AMBASCIATA - MINSK","AMBASCIATORE: MARCHEGIANI TOMASO PIETRO"
"1738615496-197","https://www.esteri.it/it/ministero/struttura/laretediplomatica/?pag=1","AFGHANISTAN","AMBASCIATA - KABUL","AMBASCIATORE: UGOLINI SABRINA"
"1738615496-198","https://www.esteri.it/it/ministero/struttura/laretediplomatica/?pag=1","ALBANIA","AMBASCIATA - TIRANA",""
"1738615496-199","https://www.esteri.it/it/ministero/struttura/laretediplomatica/?pag=1","ALGERIA","AMBASCIATA - ALGERI","AMBASCIATORE: CUTILLO ALBERTO"
"1738615496-200","https://www.esteri.it/it/ministero/struttura/laretediplomatica/?pag=1","ANDORRA","","AMBASCIATORE: BUCCINO GRIMALDI GIUSEPPE MARIA"
"1738615496-201","https://www.esteri.it/it/ministero/struttura/laretediplomatica/?pag=1","ANGOLA","AMBASCIATA - LUANDA","AMBASCIATORE: RICCI MARCO"
"1738615496-202","https://www.esteri.it/it/ministero/struttura/laretediplomatica/?pag=1","ANTIGUA E BARBUDA","","AMBASCIATORE: NICOLETTI FABRIZIO"
"1738615496-203","https://www.esteri.it/it/ministero/struttura/laretediplomatica/?pag=1","ARABIA SAUDITA","AMBASCIATA - RIAD","AMBASCIATORE: BALDOCCI CARLO"
"1738615496-204","https://www.esteri.it/it/ministero/struttura/laretediplomatica/?pag=1","ARGENTINA","AMBASCIATA - BUENOS AIRES","AMBASCIATORE: LUCENTINI FABRIZIO"
"1738615496-205","https://www.esteri.it/it/ministero/struttura/laretediplomatica/?pag=1","ARMENIA","AMBASCIATA - JEREVAN","AMBASCIATORE: FERRANTI ALESSANDRO"
"1738615496-206","https://www.esteri.it/it/ministero/struttura/laretediplomatica/?pag=1","AUSTRALIA","AMBASCIATA - CANBERRA","AMBASCIATORE: CRUDELE PAOLO"
